{
    "schema": {
        "fields": [
            {
                "name": "mobile_number",
                "type": "string"
            },
            {
                "name": "first_name",
                "type": "string"
            },
            {
                "name": "last_name",
                "type": "string"
            },
            {
                "name": "company_name",
                "type": "string"
            },
            {
                "name": "address",
                "type": "string"
            },
            {
                "name": "city",
                "type": "string"
            },
            {
                "name": "county",
                "type": "string"
            },
            {
                "name": "state",
                "type": "string"
            },
            {
                "name": "zip",
                "type": "integer"
            },
            {
                "name": "email",
                "type": "string"
            },
            {
                "name": "web",
                "type": "string"
            }
        ],
        "primaryKey": [
            "mobile_number"
        ],
        "pandas_version": "0.20.0"
    },
    "data": [
        {
            "mobile_number": "631-335-3414",
            "first_name": "Abel",
            "last_name": "Maclead",
            "company_name": "Farmers Insurance Group",
            "address": "1 State Route 27",
            "city": "Taylor",
            "county": "Wayne",
            "state": "MI",
            "zip": 48180,
            "email": "yuki_whobrey@aol.com",
            "web": "http://www.farmersinsurancegroup.com"
        },
        {
            "mobile_number": "732-658-3154",
            "first_name": "Alisha",
            "last_name": "Slusarski",
            "company_name": "Wtlz Power 107 Fm",
            "address": "3273 State St",
            "city": "Middlesex",
            "county": "Middlesex",
            "state": "NJ",
            "zip": 8846,
            "email": "alisha@slusarski.com",
            "web": "http://www.wtlzpowerfm.com"
        },
        {
            "mobile_number": "715-662-6764",
            "first_name": "Allene",
            "last_name": "Iturbide",
            "company_name": "Ledecky, David Esq",
            "address": "1 Central Ave",
            "city": "Stevens Point",
            "county": "Portage",
            "state": "WI",
            "zip": 54481,
            "email": "allene_iturbide@cox.net",
            "web": "http://www.ledeckydavidesq.com"
        },
        {
            "mobile_number": "856-636-8749",
            "first_name": "Art",
            "last_name": "Venere",
            "company_name": "Chemel, James L Cpa",
            "address": "8 W Cerritos Ave #54",
            "city": "Bridgeport",
            "county": "Gloucester",
            "state": "NJ",
            "zip": 8014,
            "email": "art@venere.org",
            "web": "http://www.chemeljameslcpa.com"
        },
        {
            "mobile_number": "610-545-3615",
            "first_name": "Bette",
            "last_name": "Nicka",
            "company_name": "Sport En Art",
            "address": "6 S 33rd St",
            "city": "Aston",
            "county": "Delaware",
            "state": "PA",
            "zip": 19014,
            "email": "bette_nicka@cox.net",
            "web": "http://www.sportenart.com"
        },
        {
            "mobile_number": "956-537-6195",
            "first_name": "Cammy",
            "last_name": "Albares",
            "company_name": "Rousseaux, Michael Esq",
            "address": "56 E Morehead St",
            "city": "Laredo",
            "county": "Webb",
            "state": "TX",
            "zip": 78045,
            "email": "calbares@gmail.com",
            "web": "http://www.rousseauxmichaelesq.com"
        },
        {
            "mobile_number": "913-388-2079",
            "first_name": "Chanel",
            "last_name": "Caudy",
            "company_name": "Professional Image Inc",
            "address": "86 Nw 66th St #8673",
            "city": "Shawnee",
            "county": "Johnson",
            "state": "KS",
            "zip": 66218,
            "email": "chanel.caudy@caudy.org",
            "web": "http://www.professionalimageinc.com"
        },
        {
            "mobile_number": "513-570-1893",
            "first_name": "Donette",
            "last_name": "Foller",
            "company_name": "Printing Dimensions",
            "address": "34 Center St",
            "city": "Hamilton",
            "county": "Butler",
            "state": "OH",
            "zip": 45011,
            "email": "donette.foller@cox.net",
            "web": "http://www.printingdimensions.com"
        },
        {
            "mobile_number": "815-828-2147",
            "first_name": "Fletcher",
            "last_name": "Flosi",
            "company_name": "Post Box Services Plus",
            "address": "394 Manchester Blvd",
            "city": "Rockford",
            "county": "Winnebago",
            "state": "IL",
            "zip": 61109,
            "email": "fletcher.flosi@yahoo.com",
            "web": "http://www.postboxservicesplus.com"
        },
        {
            "mobile_number": "414-661-9598",
            "first_name": "Gladys",
            "last_name": "Rim",
            "company_name": "T M Byxbee Company Pc",
            "address": "322 New Horizon Blvd",
            "city": "Milwaukee",
            "county": "Milwaukee",
            "state": "WI",
            "zip": 53207,
            "email": "gladys.rim@rim.org",
            "web": "http://www.tmbyxbeecompanypc.com"
        },
        {
            "mobile_number": "440-780-8425",
            "first_name": "Graciela",
            "last_name": "Ruta",
            "company_name": "Buckley Miller & Wright",
            "address": "98 Connecticut Ave Nw",
            "city": "Chagrin Falls",
            "county": "Geauga",
            "state": "OH",
            "zip": 44023,
            "email": "gruta@cox.net",
            "web": "http://www.buckleymillerwright.com"
        },
        {
            "mobile_number": "504-621-8927",
            "first_name": "James",
            "last_name": "Butt",
            "company_name": "Benton, John B Jr",
            "address": "6649 N Blue Gum St",
            "city": "New Orleans",
            "county": "Orleans",
            "state": "LA",
            "zip": 70116,
            "email": "jbutt@gmail.com",
            "web": "http://www.bentonjohnbjr.com"
        },
        {
            "mobile_number": "810-292-9388",
            "first_name": "Josephine",
            "last_name": "Darakjy",
            "company_name": "Chanay, Jeffrey A Esq",
            "address": "4 B Blue Ridge Blvd",
            "city": "Brighton",
            "county": "Livingston",
            "state": "MI",
            "zip": 48116,
            "email": "josephine_darakjy@darakjy.org",
            "web": "http://www.chanayjeffreyaesq.com"
        },
        {
            "mobile_number": "310-498-5651",
            "first_name": "Kiley",
            "last_name": "Caldarera",
            "company_name": "Feiner Bros",
            "address": "25 E 75th St #69",
            "city": "Los Angeles",
            "county": "Los Angeles",
            "state": "CA",
            "zip": 90034,
            "email": "kiley.caldarera@aol.com",
            "web": "http://www.feinerbros.com"
        },
        {
            "mobile_number": "410-655-8723",
            "first_name": "Kris",
            "last_name": "Marrier",
            "company_name": "King, Christopher A Esq",
            "address": "228 Runamuck Pl #2808",
            "city": "Baltimore",
            "county": "Baltimore City",
            "state": "MD",
            "zip": 21224,
            "email": "kris@gmail.com",
            "web": "http://www.kingchristopheraesq.com"
        },
        {
            "mobile_number": "907-385-4412",
            "first_name": "Lenna",
            "last_name": "Paprocki",
            "company_name": "Feltz Printing Service",
            "address": "639 Main St",
            "city": "Anchorage",
            "county": "Anchorage",
            "state": "AK",
            "zip": 99501,
            "email": "lpaprocki@hotmail.com",
            "web": "http://www.feltzprintingservice.com"
        },
        {
            "mobile_number": "408-752-3500",
            "first_name": "Leota",
            "last_name": "Dilliard",
            "company_name": "Commercial Press",
            "address": "7 W Jackson Blvd",
            "city": "San Jose",
            "county": "Santa Clara",
            "state": "CA",
            "zip": 95111,
            "email": "leota@hotmail.com",
            "web": "http://www.commercialpress.com"
        },
        {
            "mobile_number": "518-966-7987",
            "first_name": "Maryann",
            "last_name": "Royster",
            "company_name": "Franklin, Peter L Esq",
            "address": "74 S Westgate St",
            "city": "Albany",
            "county": "Albany",
            "state": "NY",
            "zip": 12204,
            "email": "mroyster@royster.com",
            "web": "http://www.franklinpeterlesq.com"
        },
        {
            "mobile_number": "602-277-4385",
            "first_name": "Mattie",
            "last_name": "Poquette",
            "company_name": "Century Communications",
            "address": "73 State Road 434 E",
            "city": "Phoenix",
            "county": "Maricopa",
            "state": "AZ",
            "zip": 85013,
            "email": "mattie@aol.com",
            "web": "http://www.centurycommunications.com"
        },
        {
            "mobile_number": "931-313-9635",
            "first_name": "Meaghan",
            "last_name": "Garufi",
            "company_name": "Bolton, Wilbur Esq",
            "address": "69734 E Carrillo St",
            "city": "Mc Minnville",
            "county": "Warren",
            "state": "TN",
            "zip": 37110,
            "email": "meaghan@hotmail.com",
            "web": "http://www.boltonwilburesq.com"
        },
        {
            "mobile_number": "215-874-1229",
            "first_name": "Minna",
            "last_name": "Amigon",
            "company_name": "Dorl, James J Esq",
            "address": "2371 Jerrold Ave",
            "city": "Kulpsville",
            "county": "Montgomery",
            "state": "PA",
            "zip": 19443,
            "email": "minna_amigon@yahoo.com",
            "web": "http://www.dorljamesjesq.com"
        },
        {
            "mobile_number": "773-573-6914",
            "first_name": "Mitsue",
            "last_name": "Tollner",
            "company_name": "Morlong Associates",
            "address": "7 Eads St",
            "city": "Chicago",
            "county": "Cook",
            "state": "IL",
            "zip": 60632,
            "email": "mitsue_tollner@yahoo.com",
            "web": "http://www.morlongassociates.com"
        },
        {
            "mobile_number": "605-414-2147",
            "first_name": "Sage",
            "last_name": "Wieser",
            "company_name": "Truhlar And Truhlar Attys",
            "address": "5 Boston Ave #88",
            "city": "Sioux Falls",
            "county": "Minnehaha",
            "state": "SD",
            "zip": 57105,
            "email": "sage_wieser@cox.net",
            "web": "http://www.truhlarandtruhlarattys.com"
        },
        {
            "mobile_number": "419-503-2484",
            "first_name": "Simona",
            "last_name": "Morasca",
            "company_name": "Chapman, Ross E Esq",
            "address": "3 Mcauley Dr",
            "city": "Ashland",
            "county": "Ashland",
            "state": "OH",
            "zip": 44805,
            "email": "simona@morasca.com",
            "web": "http://www.chapmanrosseesq.com"
        },
        {
            "mobile_number": "408-540-1785",
            "first_name": "Veronika",
            "last_name": "Inouye",
            "company_name": "C 4 Network Inc",
            "address": "6 Greenleaf Ave",
            "city": "San Jose",
            "county": "Santa Clara",
            "state": "CA",
            "zip": 95111,
            "email": "vinouye@aol.com",
            "web": "http://www.cnetworkinc.com"
        },
        {
            "mobile_number": "972-303-9197",
            "first_name": "Willard",
            "last_name": "Kolmetz",
            "company_name": "Ingalls, Donald R Esq",
            "address": "618 W Yakima Ave",
            "city": "Irving",
            "county": "Dallas",
            "state": "TX",
            "zip": 75062,
            "email": "willard@hotmail.com",
            "web": "http://www.ingallsdonaldresq.com"
        }
    ]
}